<ImportExportXml version="9.2.23061.194" SolutionPackageVersion="9.2" languagecode="1033" generatedBy="CrmLive" xmlns:xsi="http://www.w3.org/2001/XMLSchema-instance">
  <SolutionManifest>
    <UniqueName>Requisition</UniqueName>
    <LocalizedNames>
      <LocalizedName description="Requisition" languagecode="1033" />
    </LocalizedNames>
    <Descriptions />
    <Version>1.0.0.1</Version>
    <Managed>0</Managed>
    <Publisher>
      <UniqueName>ExtendingBCwithPP</UniqueName>
      <LocalizedNames>
        <LocalizedName description="Extending BC with PP" languagecode="1033" />
      </LocalizedNames>
      <Descriptions />
      <EMailAddress xsi:nil="true"></EMailAddress>
      <SupportingWebsiteUrl xsi:nil="true"></SupportingWebsiteUrl>
      <CustomizationPrefix>ebcpp</CustomizationPrefix>
      <CustomizationOptionValuePrefix>66102</CustomizationOptionValuePrefix>
      <Addresses>
        <Address>
          <AddressNumber>1</AddressNumber>
          <AddressTypeCode>1</AddressTypeCode>
          <City xsi:nil="true"></City>
          <County xsi:nil="true"></County>
          <Country xsi:nil="true"></Country>
          <Fax xsi:nil="true"></Fax>
          <FreightTermsCode xsi:nil="true"></FreightTermsCode>
          <ImportSequenceNumber xsi:nil="true"></ImportSequenceNumber>
          <Latitude xsi:nil="true"></Latitude>
          <Line1 xsi:nil="true"></Line1>
          <Line2 xsi:nil="true"></Line2>
          <Line3 xsi:nil="true"></Line3>
          <Longitude xsi:nil="true"></Longitude>
          <Name xsi:nil="true"></Name>
          <PostalCode xsi:nil="true"></PostalCode>
          <PostOfficeBox xsi:nil="true"></PostOfficeBox>
          <PrimaryContactName xsi:nil="true"></PrimaryContactName>
          <ShippingMethodCode>1</ShippingMethodCode>
          <StateOrProvince xsi:nil="true"></StateOrProvince>
          <Telephone1 xsi:nil="true"></Telephone1>
          <Telephone2 xsi:nil="true"></Telephone2>
          <Telephone3 xsi:nil="true"></Telephone3>
          <TimeZoneRuleVersionNumber xsi:nil="true"></TimeZoneRuleVersionNumber>
          <UPSZone xsi:nil="true"></UPSZone>
          <UTCOffset xsi:nil="true"></UTCOffset>
          <UTCConversionTimeZoneCode xsi:nil="true"></UTCConversionTimeZoneCode>
        </Address>
        <Address>
          <AddressNumber>2</AddressNumber>
          <AddressTypeCode>1</AddressTypeCode>
          <City xsi:nil="true"></City>
          <County xsi:nil="true"></County>
          <Country xsi:nil="true"></Country>
          <Fax xsi:nil="true"></Fax>
          <FreightTermsCode xsi:nil="true"></FreightTermsCode>
          <ImportSequenceNumber xsi:nil="true"></ImportSequenceNumber>
          <Latitude xsi:nil="true"></Latitude>
          <Line1 xsi:nil="true"></Line1>
          <Line2 xsi:nil="true"></Line2>
          <Line3 xsi:nil="true"></Line3>
          <Longitude xsi:nil="true"></Longitude>
          <Name xsi:nil="true"></Name>
          <PostalCode xsi:nil="true"></PostalCode>
          <PostOfficeBox xsi:nil="true"></PostOfficeBox>
          <PrimaryContactName xsi:nil="true"></PrimaryContactName>
          <ShippingMethodCode>1</ShippingMethodCode>
          <StateOrProvince xsi:nil="true"></StateOrProvince>
          <Telephone1 xsi:nil="true"></Telephone1>
          <Telephone2 xsi:nil="true"></Telephone2>
          <Telephone3 xsi:nil="true"></Telephone3>
          <TimeZoneRuleVersionNumber xsi:nil="true"></TimeZoneRuleVersionNumber>
          <UPSZone xsi:nil="true"></UPSZone>
          <UTCOffset xsi:nil="true"></UTCOffset>
          <UTCConversionTimeZoneCode xsi:nil="true"></UTCConversionTimeZoneCode>
        </Address>
      </Addresses>
    </Publisher>
    <RootComponents>
      <RootComponent type="1" schemaName="cr763_requisition" behavior="0" />
      <RootComponent type="80" schemaName="cr763_RequisitionForm" behavior="0" />
    </RootComponents>
    <MissingDependencies>
      <MissingDependency>
        <Required type="1" schemaName="aaduser" displayName="AAD User" solution="MetadataExtension (1.0.2.54)" />
        <Dependent type="10" schemaName="cr763_cr763_requisition_Requester_aaduser" displayName="cr763_cr763_requisition_Requester_aaduser" parentSchemaName="aaduser" parentDisplayName="AAD User" />
      </MissingDependency>
      <MissingDependency>
        <Required type="1" schemaName="dyn365bc_vendor_v2_0" displayName="Vendor" solution="MicrosoftBusinessCentralERPVE (1.0.0.0)">
          <package>MicrosoftBusinessCentralVEAnchor (1.0.23158.1)</package>
        </Required>
        <Dependent type="10" schemaName="cr763_cr763_requisition_VendorName_dyn365bc_ven" displayName="cr763_cr763_requisition_VendorName_dyn365bc_ven" parentSchemaName="dyn365bc_vendor_v2_0" parentDisplayName="Vendor" />
      </MissingDependency>
      <MissingDependency>
        <Required type="2" schemaName="aaduserid" displayName="AAD user id" parentSchemaName="aaduser" parentDisplayName="AAD User" solution="MetadataExtension (1.0.2.54)" />
        <Dependent type="10" schemaName="cr763_cr763_requisition_Requester_aaduser" displayName="cr763_cr763_requisition_Requester_aaduser" parentSchemaName="aaduser" parentDisplayName="AAD User" />
      </MissingDependency>
      <MissingDependency>
        <Required type="2" schemaName="displayname" displayName="Display Name" parentSchemaName="aaduser" parentDisplayName="AAD User" solution="MetadataExtension (1.0.2.54)" />
        <Dependent type="10" schemaName="cr763_cr763_requisition_Requester_aaduser" displayName="cr763_cr763_requisition_Requester_aaduser" parentSchemaName="aaduser" parentDisplayName="AAD User" />
      </MissingDependency>
      <MissingDependency>
        <Required type="2" schemaName="dyn365bc_displayname" displayName="Display Name" parentSchemaName="dyn365bc_vendor_v2_0" parentDisplayName="Vendor" solution="MicrosoftBusinessCentralERPVE (1.0.0.0)">
          <package>MicrosoftBusinessCentralVEAnchor (1.0.23158.1)</package>
        </Required>
        <Dependent type="10" schemaName="cr763_cr763_requisition_VendorName_dyn365bc_ven" displayName="cr763_cr763_requisition_VendorName_dyn365bc_ven" parentSchemaName="dyn365bc_vendor_v2_0" parentDisplayName="Vendor" />
      </MissingDependency>
      <MissingDependency>
        <Required type="2" schemaName="dyn365bc_vendor_v2_0id" displayName="Id" parentSchemaName="dyn365bc_vendor_v2_0" parentDisplayName="Vendor" solution="MicrosoftBusinessCentralERPVE (1.0.0.0)">
          <package>MicrosoftBusinessCentralVEAnchor (1.0.23158.1)</package>
        </Required>
        <Dependent type="10" schemaName="cr763_cr763_requisition_VendorName_dyn365bc_ven" displayName="cr763_cr763_requisition_VendorName_dyn365bc_ven" parentSchemaName="dyn365bc_vendor_v2_0" parentDisplayName="Vendor" />
      </MissingDependency>
      <MissingDependency>
        <Required type="61" schemaName="msdyn_/Images/AppModule_Default_Icon.png" displayName="msdyn_/Images/AppModule_Default_Icon.png" solution="AppModuleWebResources (2.5)" />
        <Dependent type="80" schemaName="cr763_RequisitionForm" displayName="Requisition Form" />
      </MissingDependency>
      <MissingDependency>
        <Required type="62" schemaName="cr763_RequisitionForm" solution="Active" />
        <Dependent type="80" schemaName="cr763_RequisitionForm" displayName="Requisition Form" />
      </MissingDependency>
    </MissingDependencies>
  </SolutionManifest>
</ImportExportXml>